Area,Label
7.438403692609709e-05,2/3
1.734171556151432e-05,123
0.0005032206830175542,3
83325.27923525784,4
53076.5964642711,6
49426.32185501414,1
59708.5280500405,2
15834.098841123985,7
1125.3932839648387,14
5.6464169489345295e-05,17
0.0,8
0.0,9
2.4000445835522946e-06,275

Total Area,262496.218383483
